{"Attribute Simiarity": {"CSTest": 0.9999999999999454, "KSTest": 0.73876953125, "Evaluation Score": 86.93847656249727}, "Privacy at Risk": {"exact match": 36.45833333333333, "euclidean": 18.880208333333336}, "Sensitive data retrieval": {"Numerical MLP": 0.1709571222603199, "Numerical LR": 0.15350315089781724, "Numerical SVR": 0.1756914127716052}, "Data-driven discovery": {"SVC Detection": 0.15483601888020837, "Logistic Detection": 0.30016072591145837}, "Loss of Information": {"%\\loss": 0.0}}